Title,URL,Year,Duration,MPAA Rating,Rating,Vote Count,Genres,Directors,Writers,Stars
1. The Shawshank Redemption,https://www.imdb.com/title/tt0111161/?ref_=chttp_t_1,1994,2h 22m,R,9.3,(3M),Epic | Period Drama | Prison Drama | Drama,Frank Darabont,Stephen King | Frank Darabont,Tim Robbins | Morgan Freeman | Bob Gunton
2. The Godfather,https://www.imdb.com/title/tt0068646/?ref_=chttp_t_2,1972,2h 55m,R,9.2,(2.1M),Epic | Gangster | Tragedy | Crime | Drama,Francis Ford Coppola,Mario Puzo | Francis Ford Coppola,Marlon Brando | Al Pacino | James Caan
3. The Dark Knight,https://www.imdb.com/title/tt0468569/?ref_=chttp_t_3,2008,2h 32m,PG-13,9.0,(3M),Action Epic | Epic | Superhero | Action | Crime | Drama | Thriller,Christopher Nolan,Jonathan Nolan | Christopher Nolan | David S. Goyer,Christian Bale | Heath Ledger | Aaron Eckhart
4. The Godfather Part II,https://www.imdb.com/title/tt0071562/?ref_=chttp_t_4,1974,3h 22m,R,9.0,(1.4M),Epic | Gangster | Tragedy | Crime | Drama,Francis Ford Coppola,Francis Ford Coppola | Mario Puzo,Al Pacino | Robert De Niro | Robert Duvall
5. 12 Angry Men,https://www.imdb.com/title/tt0050083/?ref_=chttp_t_5,1957,1h 36m,Approved,9.0,(909K),Legal Drama | Psychological Drama | Crime | Drama,Sidney Lumet,Reginald Rose,Henry Fonda | Lee J. Cobb | Martin Balsam
6. The Lord of the Rings: The Return of the King,https://www.imdb.com/title/tt0167260/?ref_=chttp_t_6,2003,3h 21m,PG-13,9.0,(2.1M),Action Epic | Adventure Epic | Epic | Fantasy Epic | Mountain Adventure | Quest | Sword & Sorcery | Tragedy | Adventure | Drama,Peter Jackson,J.R.R. Tolkien | Fran Walsh | Philippa Boyens,Elijah Wood | Viggo Mortensen | Ian McKellen
7. Schindler's List,https://www.imdb.com/title/tt0108052/?ref_=chttp_t_7,1993,3h 15m,R,9.0,(1.5M),Docudrama | Epic | Historical Epic | Period Drama | Prison Drama | Tragedy | Biography | Drama | History,Steven Spielberg,Thomas Keneally | Steven Zaillian,Liam Neeson | Ralph Fiennes | Ben Kingsley
8. Pulp Fiction,https://www.imdb.com/title/tt0110912/?ref_=chttp_t_8,1994,2h 34m,R,8.9,(2.3M),Dark Comedy | Drug Crime | Gangster | Crime | Drama,Quentin Tarantino,Quentin Tarantino | Roger Avary,John Travolta | Uma Thurman | Samuel L. Jackson
9. The Lord of the Rings: The Fellowship of the Ring,https://www.imdb.com/title/tt0120737/?ref_=chttp_t_9,2001,2h 58m,PG-13,8.9,(2.1M),Action Epic | Adventure Epic | Epic | Fantasy Epic | Quest | Sword & Sorcery | Adventure | Drama | Fantasy,Peter Jackson,J.R.R. Tolkien | Fran Walsh | Philippa Boyens,Elijah Wood | Ian McKellen | Orlando Bloom
"10. The Good, the Bad and the Ugly",https://www.imdb.com/title/tt0060196/?ref_=chttp_t_10,1966,2h 58m,R,8.8,(842K),Adventure Epic | Dark Comedy | Desert Adventure | Epic | Period Drama | Quest | Spaghetti Western | Western Epic | Adventure | Drama,Sergio Leone,Luciano Vincenzoni | Sergio Leone | Agenore Incrocci,Clint Eastwood | Eli Wallach | Lee Van Cleef
11. Forrest Gump,https://www.imdb.com/title/tt0109830/?ref_=chttp_t_11,1994,2h 22m,PG-13,8.8,(2.3M),Epic | Drama | Romance,Robert Zemeckis,Winston Groom | Eric Roth,Tom Hanks | Robin Wright | Gary Sinise
12. The Lord of the Rings: The Two Towers,https://www.imdb.com/title/tt0167261/?ref_=chttp_t_12,2002,2h 59m,PG-13,8.8,(1.9M),Action Epic | Adventure Epic | Dark Fantasy | Epic | Fantasy Epic | Quest | Sword & Sorcery | Adventure | Drama | Fantasy,Peter Jackson,J.R.R. Tolkien | Fran Walsh | Philippa Boyens,Elijah Wood | Ian McKellen | Viggo Mortensen
13. Fight Club,https://www.imdb.com/title/tt0137523/?ref_=chttp_t_13,1999,2h 19m,R,8.8,(2.4M),Psychological Drama | Workplace Drama | Drama,David Fincher,Chuck Palahniuk | Jim Uhls,Brad Pitt | Edward Norton | Meat Loaf
14. Inception,https://www.imdb.com/title/tt1375666/?ref_=chttp_t_14,2010,2h 28m,PG-13,8.8,(2.6M),Action Epic | Adventure Epic | Epic | Psychological Thriller | Sci-Fi Epic | Action | Adventure | Sci-Fi | Thriller,Christopher Nolan,Christopher Nolan,Leonardo DiCaprio | Joseph Gordon-Levitt | Elliot Page
15. Star Wars: Episode V - The Empire Strikes Back,https://www.imdb.com/title/tt0080684/?ref_=chttp_t_15,1980,2h 4m,PG,8.7,(1.4M),Action Epic | Adventure Epic | Dark Fantasy | Epic | Fantasy Epic | Globetrotting Adventure | Quest | Sci-Fi Epic | Space Sci-Fi | Sword & Sorcery,Irvin Kershner,Leigh Brackett | Lawrence Kasdan | George Lucas,Mark Hamill | Harrison Ford | Carrie Fisher
16. The Matrix,https://www.imdb.com/title/tt0133093/?ref_=chttp_t_16,1999,2h 16m,R,8.7,(2.1M),Action Epic | Artificial Intelligence | Cyberpunk | Dystopian Sci-Fi | Gun Fu | Martial Arts | Sci-Fi Epic | Action | Sci-Fi,Lana Wachowski | Lilly Wachowski,Lilly Wachowski | Lana Wachowski,Keanu Reeves | Laurence Fishburne | Carrie-Anne Moss
17. Goodfellas,https://www.imdb.com/title/tt0099685/?ref_=chttp_t_17,1990,2h 25m,R,8.7,(1.3M),Docudrama | Gangster | True Crime | Biography | Crime | Drama,Martin Scorsese,Nicholas Pileggi | Martin Scorsese,Robert De Niro | Ray Liotta | Joe Pesci
18. One Flew Over the Cuckoo's Nest,https://www.imdb.com/title/tt0073486/?ref_=chttp_t_18,1975,2h 13m,R,8.7,(1.1M),Medical Drama | Psychological Drama | Drama,Milos Forman,Lawrence Hauben | Bo Goldman | Ken Kesey,Jack Nicholson | Louise Fletcher | Michael Berryman
19. Interstellar,https://www.imdb.com/title/tt0816692/?ref_=chttp_t_19,2014,2h 49m,PG-13,8.7,(2.3M),Adventure Epic | Epic | Quest | Sci-Fi Epic | Space Sci-Fi | Time Travel | Adventure | Drama | Sci-Fi,Christopher Nolan,Jonathan Nolan | Christopher Nolan,Matthew McConaughey | Anne Hathaway | Jessica Chastain
20. Se7en,https://www.imdb.com/title/tt0114369/?ref_=chttp_t_20,1995,2h 7m,R,8.6,(1.9M),Cop Drama | Hard-boiled Detective | Legal Drama | Police Procedural | Psychological Thriller | Serial Killer | Crime | Drama | Mystery | Thriller,David Fincher,Andrew Kevin Walker,Morgan Freeman | Brad Pitt | Kevin Spacey
21. It's a Wonderful Life,https://www.imdb.com/title/tt0038650/?ref_=chttp_t_21,1946,2h 10m,PG,8.6,(523K),Feel-Good Romance | Holiday Family | Holiday Romance | Psychological Drama | Drama | Family | Fantasy | Holiday | Romance,Frank Capra,Frances Goodrich | Albert Hackett | Frank Capra,James Stewart | Donna Reed | Lionel Barrymore
22. Seven Samurai,https://www.imdb.com/title/tt0047478/?ref_=chttp_t_22,1954,3h 27m,Not Rated,8.6,(380K),Action Epic | Epic | Period Drama | Samurai | Action | Drama,Akira Kurosawa,Akira Kurosawa | Shinobu Hashimoto | Hideo Oguni,Toshirô Mifune | Takashi Shimura | Keiko Tsushima
23. The Silence of the Lambs,https://www.imdb.com/title/tt0102926/?ref_=chttp_t_23,1991,1h 58m,R,8.6,(1.6M),Police Procedural | Psychological Drama | Psychological Thriller | Serial Killer | Crime | Drama | Thriller,Jonathan Demme,Thomas Harris | Ted Tally,Jodie Foster | Anthony Hopkins | Scott Glenn
24. Saving Private Ryan,https://www.imdb.com/title/tt0120815/?ref_=chttp_t_24,1998,2h 49m,R,8.6,(1.6M),Epic | Period Drama | War Epic | Drama | War,Steven Spielberg,Robert Rodat,Tom Hanks | Matt Damon | Tom Sizemore
25. City of God,https://www.imdb.com/title/tt0317248/?ref_=chttp_t_25,2002,2h 10m,R,8.6,(828K),Caper | Coming-of-Age | Gangster | Crime | Drama,Fernando Meirelles | Kátia Lund,Bráulio Mantovani | Paulo Lins,Alexandre Rodrigues | Leandro Firmino | Matheus Nachtergaele
26. The Green Mile,https://www.imdb.com/title/tt0120689/?ref_=chttp_t_26,1999,3h 9m,R,8.6,(1.5M),Period Drama | Prison Drama | Supernatural Fantasy | Tragedy | Crime | Drama | Fantasy | Mystery,Frank Darabont,Stephen King | Frank Darabont,Tom Hanks | Michael Clarke Duncan | David Morse
27. Life Is Beautiful,https://www.imdb.com/title/tt0118799/?ref_=chttp_t_27,1997,1h 56m,PG-13,8.6,(768K),Period Drama | Romantic Comedy | Tragedy | Tragic Romance | Comedy | Drama | Romance | War,Roberto Benigni,Vincenzo Cerami | Roberto Benigni,Roberto Benigni | Nicoletta Braschi | Giorgio Cantarini
28. Terminator 2: Judgment Day,https://www.imdb.com/title/tt0103064/?ref_=chttp_t_28,1991,2h 17m,R,8.6,(1.2M),Action Epic | Artificial Intelligence | Cyberpunk | Dystopian Sci-Fi | Sci-Fi Epic | Time Travel | Action | Adventure | Sci-Fi,James Cameron,James Cameron | William Wisher,Arnold Schwarzenegger | Linda Hamilton | Edward Furlong
29. Star Wars: Episode IV - A New Hope,https://www.imdb.com/title/tt0076759/?ref_=chttp_t_29,1977,2h 1m,PG,8.6,(1.5M),Action Epic | Adventure Epic | Epic | Fantasy Epic | Quest | Sci-Fi Epic | Space Sci-Fi | Sword & Sorcery | Action | Adventure,George Lucas,George Lucas,Mark Hamill | Harrison Ford | Carrie Fisher
30. Back to the Future,https://www.imdb.com/title/tt0088763/?ref_=chttp_t_30,1985,1h 56m,PG,8.5,(1.4M),High-Concept Comedy | Teen Adventure | Teen Comedy | Time Travel | Urban Adventure | Adventure | Comedy | Sci-Fi,Robert Zemeckis,Robert Zemeckis | Bob Gale,Michael J. Fox | Christopher Lloyd | Lea Thompson
31. Spirited Away,https://www.imdb.com/title/tt0245429/?ref_=chttp_t_31,2001,2h 4m,PG,8.6,(894K),Anime | Coming-of-Age | Fairy Tale | Hand-Drawn Animation | Quest | Supernatural Fantasy | Adventure | Animation | Family | Fantasy,Hayao Miyazaki,Hayao Miyazaki,Daveigh Chase | Suzanne Pleshette | Miyu Irino
32. The Pianist,https://www.imdb.com/title/tt0253474/?ref_=chttp_t_32,2002,2h 30m,R,8.5,(954K),Docudrama | Epic | Period Drama | Tragedy | War Epic | Biography | Drama | Music | War,Roman Polanski,Ronald Harwood | Wladyslaw Szpilman,Adrien Brody | Thomas Kretschmann | Frank Finlay
33. Gladiator,https://www.imdb.com/title/tt0172495/?ref_=chttp_t_33,2000,2h 35m,R,8.5,(1.7M),Action Epic | Adventure Epic | Epic | Period Drama | Sword & Sandal | Action | Adventure | Drama,Ridley Scott,David Franzoni | John Logan | William Nicholson,Russell Crowe | Joaquin Phoenix | Connie Nielsen
34. Parasite,https://www.imdb.com/title/tt6751668/?ref_=chttp_t_34,2019,2h 12m,R,8.5,(1M),Dark Comedy | Korean Drama | Psychological Thriller | Tragedy | Drama | Thriller,Bong Joon Ho,Bong Joon Ho | Han Jin-won,Song Kang-ho | Lee Sun-kyun | Cho Yeo-jeong
35. Psycho,https://www.imdb.com/title/tt0054215/?ref_=chttp_t_35,1960,1h 49m,R,8.5,(744K),Dark Comedy | Psychological Horror | Psychological Thriller | Slasher Horror | Suspense Mystery | Horror | Mystery | Thriller,Alfred Hitchcock,Joseph Stefano | Robert Bloch,Anthony Perkins | Janet Leigh | Vera Miles
36. The Lion King,https://www.imdb.com/title/tt0110357/?ref_=chttp_t_36,1994,1h 28m,G,8.5,(1.2M),Animal Adventure | Coming-of-Age | Hand-Drawn Animation | Jungle Adventure | Adventure | Animation | Drama | Family | Fantasy | Musical,Roger Allers | Rob Minkoff,Irene Mecchi | Jonathan Roberts | Linda Woolverton,Matthew Broderick | Jeremy Irons | James Earl Jones
37. Grave of the Fireflies,https://www.imdb.com/title/tt0095327/?ref_=chttp_t_37,1988,1h 28m,Not Rated,8.5,(338K),Adult Animation | Anime | Hand-Drawn Animation | Period Drama | Animation | Drama | War,Isao Takahata,Akiyuki Nosaka | Isao Takahata,Tsutomu Tatsumi | Ayano Shiraishi | Akemi Yamaguchi
38. The Departed,https://www.imdb.com/title/tt0407887/?ref_=chttp_t_38,2006,2h 31m,R,8.5,(1.5M),Cop Drama | Epic | Gangster | Crime | Drama | Thriller,Martin Scorsese,William Monahan | Alan Mak | Felix Chong,Leonardo DiCaprio | Matt Damon | Jack Nicholson
39. Whiplash,https://www.imdb.com/title/tt2582802/?ref_=chttp_t_39,2014,1h 46m,R,8.5,(1.1M),Psychological Drama | Drama | Music,Damien Chazelle,Damien Chazelle,Miles Teller | J.K. Simmons | Melissa Benoist
40. Harakiri,https://www.imdb.com/title/tt0056058/?ref_=chttp_t_40,1962,2h 13m,Not Rated,8.6,(77K),Period Drama | Drama | Mystery,Masaki Kobayashi,Yasuhiko Takiguchi | Shinobu Hashimoto,Tatsuya Nakadai | Akira Ishihama | Shima Iwashita
41. American History X,https://www.imdb.com/title/tt0120586/?ref_=chttp_t_41,1998,1h 59m,R,8.5,(1.2M),Prison Drama | Tragedy | Crime | Drama,Tony Kaye,David McKenna,Edward Norton | Edward Furlong | Beverly D'Angelo
42. The Prestige,https://www.imdb.com/title/tt0482571/?ref_=chttp_t_42,2006,2h 10m,PG-13,8.5,(1.5M),Period Drama | Steampunk | Tragedy | Drama | Mystery | Sci-Fi | Thriller,Christopher Nolan,Jonathan Nolan | Christopher Nolan | Christopher Priest,Christian Bale | Hugh Jackman | Scarlett Johansson
43. Léon: The Professional,https://www.imdb.com/title/tt0110413/?ref_=chttp_t_43,1994,1h 50m,R,8.5,(1.3M),Gangster | One-Person Army Action | Action | Crime | Drama | Thriller,Luc Besson,Luc Besson,Jean Reno | Gary Oldman | Natalie Portman
44. Spider-Man: Across the Spider-Verse,https://www.imdb.com/title/tt9362722/?ref_=chttp_t_44,2023,2h 20m,PG,8.5,(435K),Computer Animation | Superhero | Supernatural Fantasy | Teen Adventure | Urban Adventure | Action | Adventure | Animation | Family | Fantasy,Joaquim Dos Santos | Kemp Powers | Justin K. Thompson,Phil Lord | Christopher Miller | Dave Callaham,Shameik Moore | Hailee Steinfeld | Brian Tyree Henry
45. Casablanca,https://www.imdb.com/title/tt0034583/?ref_=chttp_t_45,1942,1h 42m,PG,8.5,(625K),Drama | Romance | War,Michael Curtiz,Julius J. Epstein | Howard Koch | Murray Burnett,Humphrey Bogart | Ingrid Bergman | Paul Henreid
46. The Usual Suspects,https://www.imdb.com/title/tt0114814/?ref_=chttp_t_46,1995,1h 46m,R,8.5,(1.2M),Caper | Gangster | Heist | Psychological Drama | Psychological Thriller | Suspense Mystery | Whodunnit | Crime | Drama | Mystery,Bryan Singer,Christopher McQuarrie,Kevin Spacey | Gabriel Byrne | Chazz Palminteri
47. The Intouchables,https://www.imdb.com/title/tt1675434/?ref_=chttp_t_47,2011,1h 52m,R,8.5,(965K),Docudrama | Comedy | Drama,Olivier Nakache | Éric Toledano,Olivier Nakache | Éric Toledano | Philippe Pozzo di Borgo,François Cluzet | Omar Sy | Anne Le Ny
48. Cinema Paradiso,https://www.imdb.com/title/tt0095765/?ref_=chttp_t_48,1988,2h 54m,PG,8.5,(297K),Coming-of-Age | Drama | Romance,Giuseppe Tornatore,Giuseppe Tornatore | Vanna Paoli,Philippe Noiret | Enzo Cannavale | Antonella Attili
49. Modern Times,https://www.imdb.com/title/tt0027977/?ref_=chttp_t_49,1936,1h 27m,G,8.5,(270K),Romantic Comedy | Satire | Slapstick | Comedy | Drama | Romance,Charles Chaplin,Charles Chaplin,Charles Chaplin | Paulette Goddard | Henry Bergman
50. Alien,https://www.imdb.com/title/tt0078748/?ref_=chttp_t_50,1979,1h 57m,R,8.5,(1M),Cyberpunk | Monster Horror | Space Sci-Fi | Horror | Sci-Fi,Ridley Scott,Dan O'Bannon | Ronald Shusett,Sigourney Weaver | Tom Skerritt | John Hurt
51. Rear Window,https://www.imdb.com/title/tt0047396/?ref_=chttp_t_51,1954,1h 52m,PG,8.5,(541K),Psychological Thriller | Suspense Mystery | Drama | Mystery | Thriller,Alfred Hitchcock,John Michael Hayes | Cornell Woolrich,James Stewart | Grace Kelly | Wendell Corey
52. Once Upon a Time in the West,https://www.imdb.com/title/tt0064116/?ref_=chttp_t_52,1968,2h 46m,PG-13,8.5,(363K),Desert Adventure | Epic | Spaghetti Western | Western Epic | Drama | Western,Sergio Leone,Sergio Donati | Sergio Leone | Dario Argento,Henry Fonda | Charles Bronson | Claudia Cardinale
53. Django Unchained,https://www.imdb.com/title/tt1853728/?ref_=chttp_t_53,2012,2h 45m,R,8.5,(1.8M),Dark Comedy | Epic | Period Drama | Western Epic | Comedy | Drama | Western,Quentin Tarantino,Quentin Tarantino,Jamie Foxx | Christoph Waltz | Leonardo DiCaprio
54. Dune: Part Two,https://www.imdb.com/title/tt15239678/?ref_=chttp_t_54,2024,2h 46m,PG-13,8.5,(593K),Action Epic | Desert Adventure | Epic | Sci-Fi Epic | Space Sci-Fi | Action | Adventure | Drama | Sci-Fi,Denis Villeneuve,Denis Villeneuve | Jon Spaihts | Frank Herbert,Timothée Chalamet | Zendaya | Rebecca Ferguson
55. City Lights,https://www.imdb.com/title/tt0021749/?ref_=chttp_t_55,1931,1h 27m,G,8.5,(205K),Feel-Good Romance | Romantic Comedy | Satire | Slapstick | Comedy | Drama | Romance,Charles Chaplin,Charles Chaplin | Harry Carr | Harry Crocker,Charles Chaplin | Virginia Cherrill | Florence Lee
56. Apocalypse Now,https://www.imdb.com/title/tt0078788/?ref_=chttp_t_56,1979,2h 27m,R,8.4,(734K),Adventure Epic | Epic | Psychological Drama | Quest | War Epic | Drama | Mystery | War,Francis Ford Coppola,John Milius | Francis Ford Coppola | Michael Herr,Martin Sheen | Marlon Brando | Robert Duvall
57. Memento,https://www.imdb.com/title/tt0209144/?ref_=chttp_t_57,2000,1h 53m,R,8.4,(1.4M),Psychological Thriller | Suspense Mystery | Mystery | Thriller,Christopher Nolan,Christopher Nolan | Jonathan Nolan,Guy Pearce | Carrie-Anne Moss | Joe Pantoliano
58. WALL·E,https://www.imdb.com/title/tt0910970/?ref_=chttp_t_58,2008,1h 38m,G,8.4,(1.2M),Adventure Epic | Artificial Intelligence | Computer Animation | Dystopian Sci-Fi | Space Sci-Fi | Adventure | Animation | Family | Sci-Fi,Andrew Stanton,Andrew Stanton | Pete Docter | Jim Reardon,Ben Burtt | Elissa Knight | Jeff Garlin
59. Raiders of the Lost Ark,https://www.imdb.com/title/tt0082971/?ref_=chttp_t_59,1981,1h 55m,PG,8.4,(1.1M),Adventure Epic | Desert Adventure | Globetrotting Adventure | Quest | Action | Adventure,Steven Spielberg,Lawrence Kasdan | George Lucas | Philip Kaufman,Harrison Ford | Karen Allen | Paul Freeman
60. The Lives of Others,https://www.imdb.com/title/tt0405094/?ref_=chttp_t_60,2006,2h 17m,R,8.4,(424K),Political Thriller | Psychological Drama | Spy | Drama | Mystery | Thriller,Florian Henckel von Donnersmarck,Florian Henckel von Donnersmarck,Ulrich Mühe | Martina Gedeck | Sebastian Koch
61. Avengers: Infinity War,https://www.imdb.com/title/tt4154756/?ref_=chttp_t_61,2018,2h 29m,PG-13,8.4,(1.3M),Space Sci-Fi | Superhero | Action | Adventure | Sci-Fi,Anthony Russo | Joe Russo,Christopher Markus | Stephen McFeely | Stan Lee,Robert Downey Jr. | Chris Hemsworth | Mark Ruffalo
62. Sunset Boulevard,https://www.imdb.com/title/tt0043014/?ref_=chttp_t_62,1950,1h 50m,Approved,8.4,(246K),Film Noir | Psychological Drama | Showbiz Drama | Tragedy | Drama,Billy Wilder,Charles Brackett | Billy Wilder | D.M. Marshman Jr.,William Holden | Gloria Swanson | Erich von Stroheim
63. Spider-Man: Into the Spider-Verse,https://www.imdb.com/title/tt4633694/?ref_=chttp_t_63,2018,1h 57m,PG,8.4,(715K),Computer Animation | Superhero | Supernatural Fantasy | Teen Adventure | Urban Adventure | Action | Adventure | Animation | Comedy | Family,Bob Persichetti | Peter Ramsey | Rodney Rothman,Phil Lord | Rodney Rothman,Shameik Moore | Jake Johnson | Hailee Steinfeld
64. Paths of Glory,https://www.imdb.com/title/tt0050825/?ref_=chttp_t_64,1957,1h 28m,Approved,8.4,(223K),Epic | Psychological Drama | War Epic | Drama | War,Stanley Kubrick,Stanley Kubrick | Calder Willingham | Jim Thompson,Kirk Douglas | Ralph Meeker | Adolphe Menjou
65. Witness for the Prosecution,https://www.imdb.com/title/tt0051201/?ref_=chttp_t_65,1957,1h 56m,Approved,8.4,(147K),Legal Drama | Legal Thriller | Whodunnit | Crime | Drama | Mystery | Thriller,Billy Wilder,Agatha Christie | Billy Wilder | Harry Kurnitz,Tyrone Power | Marlene Dietrich | Charles Laughton
66. 12th Fail,https://www.imdb.com/title/tt23849204/?ref_=chttp_t_66,2023,2h 27m,,8.8,(142K),Docudrama | Biography | Drama,Vidhu Vinod Chopra,Vidhu Vinod Chopra | Jaskunwar Kohli | Anurag Pathak,Vikrant Massey | Medha Shankr | Anant Joshi
67. The Shining,https://www.imdb.com/title/tt0081505/?ref_=chttp_t_67,1980,2h 26m,R,8.4,(1.2M),Dark Comedy | Psychological Drama | Psychological Horror | Supernatural Horror | Drama | Horror,Stanley Kubrick,Stephen King | Stanley Kubrick | Diane Johnson,Jack Nicholson | Shelley Duvall | Danny Lloyd
68. The Great Dictator,https://www.imdb.com/title/tt0032553/?ref_=chttp_t_68,1940,2h 5m,G,8.4,(246K),Parody | Satire | Slapstick | Comedy | Drama | War,Charles Chaplin,Charles Chaplin,Charles Chaplin | Paulette Goddard | Jack Oakie
69. Aliens,https://www.imdb.com/title/tt0090605/?ref_=chttp_t_69,1986,2h 17m,R,8.4,(801K),Alien Invasion | Cyberpunk | Space Sci-Fi | Tragedy | Action | Adventure | Sci-Fi | Thriller,James Cameron,James Cameron | David Giler | Walter Hill,Sigourney Weaver | Michael Biehn | Carrie Henn
70. Inglourious Basterds,https://www.imdb.com/title/tt0361748/?ref_=chttp_t_70,2009,2h 33m,R,8.4,(1.7M),Dark Comedy | Period Drama | Adventure | Drama | War,Quentin Tarantino,Quentin Tarantino,Brad Pitt | Diane Kruger | Eli Roth
71. The Dark Knight Rises,https://www.imdb.com/title/tt1345836/?ref_=chttp_t_71,2012,2h 44m,PG-13,8.4,(1.9M),Action Epic | Epic | Superhero | Action | Drama | Thriller,Christopher Nolan,Jonathan Nolan | Christopher Nolan | David S. Goyer,Christian Bale | Tom Hardy | Anne Hathaway
72. Coco,https://www.imdb.com/title/tt2380307/?ref_=chttp_t_72,2017,1h 45m,PG,8.4,(636K),Computer Animation | Supernatural Fantasy | Adventure | Animation | Drama | Family | Fantasy | Music | Mystery,Lee Unkrich | Adrian Molina,Lee Unkrich | Jason Katz | Matthew Aldrich,Anthony Gonzalez | Gael García Bernal | Benjamin Bratt
73. Amadeus,https://www.imdb.com/title/tt0086879/?ref_=chttp_t_73,1984,2h 40m,PG,8.4,(444K),Costume Drama | Epic | Period Drama | Tragedy | Biography | Drama | Music,Milos Forman,Peter Shaffer | Zdenek Mahler,F. Murray Abraham | Tom Hulce | Elizabeth Berridge
74. Toy Story,https://www.imdb.com/title/tt0114709/?ref_=chttp_t_74,1995,1h 21m,G,8.3,(1.1M),Buddy Comedy | Computer Animation | Supernatural Fantasy | Urban Adventure | Adventure | Animation | Comedy | Family | Fantasy,John Lasseter,John Lasseter | Pete Docter | Andrew Stanton,Tom Hanks | Tim Allen | Don Rickles
75. Avengers: Endgame,https://www.imdb.com/title/tt4154796/?ref_=chttp_t_75,2019,3h 1m,PG-13,8.4,(1.3M),Space Sci-Fi | Superhero | Time Travel | Tragedy | Action | Adventure | Drama | Sci-Fi,Anthony Russo | Joe Russo,Christopher Markus | Stephen McFeely | Stan Lee,Robert Downey Jr. | Chris Evans | Mark Ruffalo
76. Oldboy,https://www.imdb.com/title/tt0364569/?ref_=chttp_t_76,2003,2h,R,8.3,(668K),Dark Comedy | One-Person Army Action | Psychological Drama | Psychological Thriller | Action | Drama | Mystery | Thriller,Park Chan-wook,Garon Tsuchiya | Nobuaki Minegishi | Park Chan-wook,Choi Min-sik | Yoo Ji-tae | Kang Hye-jeong
77. Dr. Strangelove or: How I Learned to Stop Worrying and Love the Bomb,https://www.imdb.com/title/tt0057012/?ref_=chttp_t_77,1964,1h 35m,PG,8.3,(534K),Dark Comedy | Farce | Political Drama | Satire | Tragedy | Comedy | War,Stanley Kubrick,Stanley Kubrick | Terry Southern | Peter George,Peter Sellers | George C. Scott | Sterling Hayden
78. Good Will Hunting,https://www.imdb.com/title/tt0119217/?ref_=chttp_t_78,1997,2h 6m,R,8.3,(1.1M),Coming-of-Age | Psychological Drama | Drama | Romance,Gus Van Sant,Matt Damon | Ben Affleck,Robin Williams | Matt Damon | Ben Affleck
79. American Beauty,https://www.imdb.com/title/tt0169547/?ref_=chttp_t_79,1999,2h 2m,R,8.3,(1.2M),Psychological Drama | Tragedy | Drama,Sam Mendes,Alan Ball,Kevin Spacey | Annette Bening | Thora Birch
80. Das Boot,https://www.imdb.com/title/tt0082096/?ref_=chttp_t_80,1981,2h 29m,,8.4,(276K),Epic | War Epic | Drama | War,Wolfgang Petersen,Wolfgang Petersen | Lothar G. Buchheim,Jürgen Prochnow | Herbert Grönemeyer | Klaus Wennemann
81. Braveheart,https://www.imdb.com/title/tt0112573/?ref_=chttp_t_81,1995,2h 58m,R,8.3,(1.1M),Costume Drama | Epic | Period Drama | War Epic | Biography | Drama | War,Mel Gibson,Randall Wallace,Mel Gibson | Sophie Marceau | Patrick McGoohan
82. Princess Mononoke,https://www.imdb.com/title/tt0119698/?ref_=chttp_t_82,1997,2h 13m,PG-13,8.3,(453K),Action Epic | Adult Animation | Adventure Epic | Anime | Dark Fantasy | Fantasy Epic | Hand-Drawn Animation | Quest | Adventure | Animation,Hayao Miyazaki,Hayao Miyazaki,Yôji Matsuda | Yuriko Ishida | Yûko Tanaka
83. Your Name.,https://www.imdb.com/title/tt5311514/?ref_=chttp_t_83,2016,1h 46m,,8.4,(347K),Anime | Shōjo | Animation | Drama | Fantasy | Romance,Makoto Shinkai,Makoto Shinkai,Ryunosuke Kamiki | Mone Kamishiraishi | Ryo Narita
84. High and Low,https://www.imdb.com/title/tt0057565/?ref_=chttp_t_84,1963,2h 23m,Not Rated,8.4,(58K),Police Procedural | Crime | Drama | Mystery | Thriller,Akira Kurosawa,Hideo Oguni | Ryûzô Kikushima | Eijirô Hisaita,Toshirô Mifune | Yutaka Sada | Tatsuya Nakadai
85. 3 Idiots,https://www.imdb.com/title/tt1187043/?ref_=chttp_t_85,2009,2h 50m,PG-13,8.4,(452K),Coming-of-Age | Comedy | Drama,Rajkumar Hirani,Abhijat Joshi | Rajkumar Hirani | Vidhu Vinod Chopra,Aamir Khan | Madhavan | Mona Singh
86. Joker,https://www.imdb.com/title/tt7286456/?ref_=chttp_t_86,2019,2h 2m,R,8.3,(1.6M),Psychological Drama | Psychological Thriller | Tragedy | Crime | Drama | Thriller,Todd Phillips,Todd Phillips | Scott Silver | Bob Kane,Joaquin Phoenix | Robert De Niro | Zazie Beetz
87. Once Upon a Time in America,https://www.imdb.com/title/tt0087843/?ref_=chttp_t_87,1984,3h 49m,R,8.3,(391K),Dark Comedy | Epic | Gangster | Period Drama | Crime | Drama,Sergio Leone,Harry Grey | Leonardo Benvenuti | Piero De Bernardi,Robert De Niro | James Woods | Elizabeth McGovern
88. Singin' in the Rain,https://www.imdb.com/title/tt0045152/?ref_=chttp_t_88,1952,1h 43m,G,8.3,(270K),Classic Musical | Feel-Good Romance | Jukebox Musical | Romantic Comedy | Satire | Comedy | Musical | Romance,Stanley Donen | Gene Kelly,Betty Comden | Adolph Green,Gene Kelly | Donald O'Connor | Debbie Reynolds
89. Capernaum,https://www.imdb.com/title/tt8267604/?ref_=chttp_t_89,2018,2h 6m,R,8.4,(114K),Drama,Nadine Labaki,Nadine Labaki | Jihad Hojeily | Michelle Keserwany,Zain Al Rafeea | Yordanos Shiferaw | Boluwatife Treasure Bankole
90. Come and See,https://www.imdb.com/title/tt0091251/?ref_=chttp_t_90,1985,2h 22m,Not Rated,8.3,(109K),Epic | Period Drama | Tragedy | War Epic | Drama | Thriller | War,Elem Klimov,Ales Adamovich | Elem Klimov,Aleksey Kravchenko | Olga Mironova | Liubomiras Laucevicius
91. Requiem for a Dream,https://www.imdb.com/title/tt0180093/?ref_=chttp_t_91,2000,1h 42m,NC-17,8.3,(929K),Psychological Drama | Tragedy | Drama,Darren Aronofsky,Hubert Selby Jr. | Darren Aronofsky,Ellen Burstyn | Jared Leto | Jennifer Connelly
92. Toy Story 3,https://www.imdb.com/title/tt0435761/?ref_=chttp_t_92,2010,1h 43m,G,8.3,(921K),Computer Animation | Supernatural Fantasy | Urban Adventure | Adventure | Animation | Comedy | Family | Fantasy,Lee Unkrich,John Lasseter | Andrew Stanton | Lee Unkrich,Tom Hanks | Tim Allen | Joan Cusack
93. Star Wars: Episode VI - Return of the Jedi,https://www.imdb.com/title/tt0086190/?ref_=chttp_t_93,1983,2h 11m,PG,8.3,(1.2M),Action Epic | Adventure Epic | Dark Fantasy | Epic | Fantasy Epic | Globetrotting Adventure | Quest | Sci-Fi Epic | Space Sci-Fi | Sword & Sorcery,Richard Marquand,Lawrence Kasdan | George Lucas,Mark Hamill | Harrison Ford | Carrie Fisher
94. The Hunt,https://www.imdb.com/title/tt2106476/?ref_=chttp_t_94,2012,1h 55m,R,8.3,(382K),Psychological Drama | Tragedy | Drama,Thomas Vinterberg,Thomas Vinterberg | Tobias Lindholm,Mads Mikkelsen | Thomas Bo Larsen | Annika Wedderkopp
95. Eternal Sunshine of the Spotless Mind,https://www.imdb.com/title/tt0338013/?ref_=chttp_t_95,2004,1h 48m,R,8.3,(1.1M),Dark Romance | Psychological Drama | Drama | Romance | Sci-Fi,Michel Gondry,Charlie Kaufman | Michel Gondry | Pierre Bismuth,Jim Carrey | Kate Winslet | Tom Wilkinson
96. Ikiru,https://www.imdb.com/title/tt0044741/?ref_=chttp_t_96,1952,2h 23m,Not Rated,8.3,(95K),Psychological Drama | Tragedy | Drama,Akira Kurosawa,Akira Kurosawa | Shinobu Hashimoto | Hideo Oguni,Takashi Shimura | Nobuo Kaneko | Shin'ichi Himori
97. 2001: A Space Odyssey,https://www.imdb.com/title/tt0062622/?ref_=chttp_t_97,1968,2h 29m,G,8.3,(745K),Adventure Epic | Artificial Intelligence | Epic | Psychological Drama | Sci-Fi Epic | Space Sci-Fi | Adventure | Sci-Fi,Stanley Kubrick,Stanley Kubrick | Arthur C. Clarke,Keir Dullea | Gary Lockwood | William Sylvester
98. Reservoir Dogs,https://www.imdb.com/title/tt0105236/?ref_=chttp_t_98,1992,1h 39m,R,8.3,(1.1M),Gangster | Heist | Crime | Thriller,Quentin Tarantino,Quentin Tarantino | Roger Avary,Harvey Keitel | Tim Roth | Michael Madsen
99. The Apartment,https://www.imdb.com/title/tt0053604/?ref_=chttp_t_99,1960,2h 5m,Approved,8.3,(206K),Farce | Holiday Comedy | Holiday Romance | Romantic Comedy | Comedy | Drama | Holiday | Romance,Billy Wilder,Billy Wilder | I.A.L. Diamond,Jack Lemmon | Shirley MacLaine | Fred MacMurray
100. Lawrence of Arabia,https://www.imdb.com/title/tt0056172/?ref_=chttp_t_100,1962,3h 47m,PG,8.3,(326K),Adventure Epic | Desert Adventure | Epic | War Epic | Adventure | Biography | Drama | War,David Lean,Robert Bolt | Michael Wilson,Peter O'Toole | Alec Guinness | Anthony Quinn
101. Incendies,https://www.imdb.com/title/tt1255953/?ref_=chttp_t_101,2010,2h 11m,R,8.3,(221K),Suspense Mystery | Drama | Mystery | War,Denis Villeneuve,Wajdi Mouawad | Denis Villeneuve | Valérie Beaugrand-Champagne,Lubna Azabal | Mélissa Désormeaux-Poulin | Maxim Gaudette
102. Scarface,https://www.imdb.com/title/tt0086250/?ref_=chttp_t_102,1983,2h 50m,R,8.3,(951K),Drug Crime | Epic | Gangster | Tragedy | Crime | Drama,Brian De Palma,Oliver Stone | Howard Hawks | Ben Hecht,Al Pacino | Michelle Pfeiffer | Steven Bauer
103. Double Indemnity,https://www.imdb.com/title/tt0036775/?ref_=chttp_t_103,1944,1h 47m,Approved,8.3,(173K),Film Noir | Hard-boiled Detective | Crime | Drama | Mystery | Thriller,Billy Wilder,Billy Wilder | Raymond Chandler | James M. Cain,Fred MacMurray | Barbara Stanwyck | Edward G. Robinson
104. North by Northwest,https://www.imdb.com/title/tt0053125/?ref_=chttp_t_104,1959,2h 16m,Approved,8.3,(358K),Spy | Adventure | Drama | Mystery | Thriller,Alfred Hitchcock,Ernest Lehman | Gerald Devriès,Cary Grant | Eva Marie Saint | James Mason
105. Heat,https://www.imdb.com/title/tt0113277/?ref_=chttp_t_105,1995,2h 50m,R,8.3,(746K),Action Epic | Cop Drama | Epic | Gangster | Heist | Action | Crime | Drama,Michael Mann,Michael Mann,Al Pacino | Robert De Niro | Val Kilmer
106. Citizen Kane,https://www.imdb.com/title/tt0033467/?ref_=chttp_t_106,1941,1h 59m,PG,8.3,(477K),Epic | Period Drama | Tragedy | Drama | Mystery,Orson Welles,Herman J. Mankiewicz | Orson Welles | John Houseman,Orson Welles | Joseph Cotten | Dorothy Comingore
107. M,https://www.imdb.com/title/tt0022100/?ref_=chttp_t_107,1931,1h 39m,Passed,8.3,(175K),Psychological Thriller | Serial Killer | Suspense Mystery | Crime | Mystery | Thriller,Fritz Lang,Thea von Harbou | Fritz Lang | Egon Jacobsohn,Peter Lorre | Ellen Widmann | Inge Landgut
108. Up,https://www.imdb.com/title/tt1049413/?ref_=chttp_t_108,2009,1h 36m,PG,8.3,(1.2M),Coming-of-Age | Computer Animation | Globetrotting Adventure | Adventure | Animation | Comedy | Drama | Family,Pete Docter | Bob Peterson,Pete Docter | Bob Peterson | Tom McCarthy,Edward Asner | Jordan Nagai | John Ratzenberger
109. Full Metal Jacket,https://www.imdb.com/title/tt0093058/?ref_=chttp_t_109,1987,1h 56m,R,8.2,(814K),Dark Comedy | Period Drama | Drama | War,Stanley Kubrick,Stanley Kubrick | Michael Herr | Gustav Hasford,Matthew Modine | R. Lee Ermey | Vincent D'Onofrio
110. Vertigo,https://www.imdb.com/title/tt0052357/?ref_=chttp_t_110,1958,2h 8m,PG,8.3,(441K),Psychological Thriller | Mystery | Romance | Thriller,Alfred Hitchcock,Alec Coppel | Samuel A. Taylor | Pierre Boileau,James Stewart | Kim Novak | Barbara Bel Geddes
111. Amélie,https://www.imdb.com/title/tt0211915/?ref_=chttp_t_111,2001,2h 2m,R,8.3,(812K),Feel-Good Romance | Quirky Comedy | Romantic Comedy | Comedy | Romance,Jean-Pierre Jeunet,Guillaume Laurant | Jean-Pierre Jeunet,Audrey Tautou | Mathieu Kassovitz | Rufus
112. Oppenheimer,https://www.imdb.com/title/tt15398776/?ref_=chttp_t_112,2023,3h,R,8.3,(850K),Docudrama | Epic | Historical Epic | Period Drama | Psychological Drama | Biography | Drama | History,Christopher Nolan,Christopher Nolan | Kai Bird | Martin Sherwin,Cillian Murphy | Emily Blunt | Matt Damon
113. A Clockwork Orange,https://www.imdb.com/title/tt0066921/?ref_=chttp_t_113,1971,2h 16m,R,8.2,(904K),Dark Comedy | Dystopian Sci-Fi | Crime | Sci-Fi,Stanley Kubrick,Stanley Kubrick | Anthony Burgess,Malcolm McDowell | Patrick Magee | Michael Bates
114. To Kill a Mockingbird,https://www.imdb.com/title/tt0056592/?ref_=chttp_t_114,1962,2h 9m,Approved,8.3,(341K),Legal Drama | Period Drama | Crime | Drama,Robert Mulligan,Harper Lee | Horton Foote,Gregory Peck | John Megna | Frank Overton
115. A Separation,https://www.imdb.com/title/tt1832382/?ref_=chttp_t_115,2011,2h 3m,PG-13,8.3,(267K),Legal Drama | Psychological Drama | Drama,Asghar Farhadi,Asghar Farhadi,Payman Maadi | Leila Hatami | Sareh Bayat
116. Die Hard,https://www.imdb.com/title/tt0095016/?ref_=chttp_t_116,1988,2h 12m,R,8.2,(982K),Disaster | One-Person Army Action | Action | Holiday | Thriller,John McTiernan,Roderick Thorp | Jeb Stuart | Steven E. de Souza,Bruce Willis | Alan Rickman | Bonnie Bedelia
117. The Sting,https://www.imdb.com/title/tt0070735/?ref_=chttp_t_117,1973,2h 9m,PG,8.3,(288K),Caper | Comedy | Crime | Drama,George Roy Hill,David S. Ward,Paul Newman | Robert Redford | Robert Shaw
118. Like Stars on Earth,https://www.imdb.com/title/tt0986264/?ref_=chttp_t_118,2007,2h 42m,PG,8.3,(215K),Drama | Family,Aamir Khan | Amole Gupte,Amole Gupte,Darsheel Safary | Aamir Khan | Tisca Chopra
119. Indiana Jones and the Last Crusade,https://www.imdb.com/title/tt0097576/?ref_=chttp_t_119,1989,2h 7m,PG-13,8.2,(832K),Adventure Epic | Desert Adventure | Globetrotting Adventure | Quest | Action | Adventure,Steven Spielberg,Jeffrey Boam | George Lucas | Menno Meyjes,Harrison Ford | Sean Connery | Alison Doody
120. Metropolis,https://www.imdb.com/title/tt0017136/?ref_=chttp_t_120,1927,2h 33m,Not Rated,8.3,(192K),Dystopian Sci-Fi | Epic | Sci-Fi Epic | Steampunk | Drama | Sci-Fi,Fritz Lang,Thea von Harbou | Fritz Lang,Brigitte Helm | Alfred Abel | Gustav Fröhlich
121. Snatch,https://www.imdb.com/title/tt0208092/?ref_=chttp_t_121,2000,1h 42m,R,8.2,(936K),Caper | Dark Comedy | Gangster | Comedy | Crime,Guy Ritchie,Guy Ritchie,Jason Statham | Brad Pitt | Stephen Graham
122. 1917,https://www.imdb.com/title/tt8579674/?ref_=chttp_t_122,2019,1h 59m,R,8.2,(715K),Epic | Period Drama | War Epic | Action | Drama | War,Sam Mendes,Sam Mendes | Krysty Wilson-Cairns,Dean-Charles Chapman | George MacKay | Daniel Mays
123. L.A. Confidential,https://www.imdb.com/title/tt0119488/?ref_=chttp_t_123,1997,2h 18m,R,8.2,(636K),Conspiracy Thriller | Cop Drama | Hard-boiled Detective | Period Drama | Police Procedural | Suspense Mystery | Whodunnit | Crime | Drama | Mystery,Curtis Hanson,James Ellroy | Brian Helgeland | Curtis Hanson,Kevin Spacey | Russell Crowe | Guy Pearce
124. Bicycle Thieves,https://www.imdb.com/title/tt0040522/?ref_=chttp_t_124,1948,1h 29m,Not Rated,8.3,(183K),Tragedy | Drama,Vittorio De Sica,Cesare Zavattini | Luigi Bartolini | Oreste Biancoli,Lamberto Maggiorani | Enzo Staiola | Lianella Carell
125. Downfall,https://www.imdb.com/title/tt0363163/?ref_=chttp_t_125,2004,2h 36m,R,8.2,(385K),Docudrama | Political Drama | Tragedy | Biography | Drama | History | War,Oliver Hirschbiegel,Bernd Eichinger | Joachim Fest | Traudl Junge,Bruno Ganz | Alexandra Maria Lara | Ulrich Matthes
126. Dangal,https://www.imdb.com/title/tt5074352/?ref_=chttp_t_126,2016,2h 41m,Not Rated,8.3,(222K),Action | Biography | Drama | Sport,Nitesh Tiwari,Piyush Gupta | Shreyas Jain | Nikhil Mehrotra,Aamir Khan | Sakshi Tanwar | Fatima Sana Shaikh
127. Taxi Driver,https://www.imdb.com/title/tt0075314/?ref_=chttp_t_127,1976,1h 54m,R,8.2,(964K),Psychological Drama | Crime | Drama,Martin Scorsese,Paul Schrader,Robert De Niro | Jodie Foster | Cybill Shepherd
128. Hamilton,https://www.imdb.com/title/tt8503618/?ref_=chttp_t_128,2020,2h 40m,PG-13,8.3,(125K),Epic | Biography | Drama | History | Musical,Thomas Kail,Lin-Manuel Miranda | Ron Chernow,Lin-Manuel Miranda | Phillipa Soo | Leslie Odom Jr.
129. The Wolf of Wall Street,https://www.imdb.com/title/tt0993846/?ref_=chttp_t_129,2013,3h,R,8.2,(1.7M),Dark Comedy | Docudrama | Epic | Raunchy Comedy | Satire | True Crime | Biography | Comedy | Crime | Drama,Martin Scorsese,Terence Winter | Jordan Belfort,Leonardo DiCaprio | Jonah Hill | Margot Robbie
130. Batman Begins,https://www.imdb.com/title/tt0372784/?ref_=chttp_t_130,2005,2h 20m,PG-13,8.2,(1.6M),Action Epic | Epic | Superhero | Tragedy | Action | Drama,Christopher Nolan,Bob Kane | David S. Goyer | Christopher Nolan,Christian Bale | Michael Caine | Ken Watanabe
131. Green Book,https://www.imdb.com/title/tt6966692/?ref_=chttp_t_131,2018,2h 10m,PG-13,8.2,(620K),Docudrama | Period Drama | Road Trip | Biography | Comedy | Drama | Music,Peter Farrelly,Nick Vallelonga | Brian Hayes Currie | Peter Farrelly,Viggo Mortensen | Mahershala Ali | Linda Cardellini
132. For a Few Dollars More,https://www.imdb.com/title/tt0059578/?ref_=chttp_t_132,1965,2h 12m,R,8.2,(285K),One-Person Army Action | Spaghetti Western | Drama | Western,Sergio Leone,Sergio Leone | Fulvio Morsella | Luciano Vincenzoni,Clint Eastwood | Lee Van Cleef | Gian Maria Volontè
133. Some Like It Hot,https://www.imdb.com/title/tt0053291/?ref_=chttp_t_133,1959,2h 1m,Approved,8.2,(292K),Buddy Comedy | Farce | Satire | Screwball Comedy | Comedy | Music | Romance,Billy Wilder,Billy Wilder | I.A.L. Diamond | Robert Thoeren,Marilyn Monroe | Tony Curtis | Jack Lemmon
134. The Truman Show,https://www.imdb.com/title/tt0120382/?ref_=chttp_t_134,1998,1h 43m,PG,8.2,(1.3M),Dark Comedy | High-Concept Comedy | Psychological Drama | Satire | Showbiz Drama | Comedy | Drama,Peter Weir,Andrew Niccol,Jim Carrey | Ed Harris | Laura Linney
135. Judgment at Nuremberg,https://www.imdb.com/title/tt0055031/?ref_=chttp_t_135,1961,2h 59m,Approved,8.3,(90K),Legal Drama | Drama | War,Stanley Kramer,Abby Mann | Montgomery Clift | Charles Dorat,Spencer Tracy | Burt Lancaster | Richard Widmark
136. The Kid,https://www.imdb.com/title/tt0012349/?ref_=chttp_t_136,1921,1h 8m,Passed,8.2,(140K),Buddy Comedy | Slapstick | Comedy | Drama | Family,Charles Chaplin,Charles Chaplin,Charles Chaplin | Edna Purviance | Jackie Coogan
137. The Father,https://www.imdb.com/title/tt10272386/?ref_=chttp_t_137,2020,1h 37m,PG-13,8.2,(208K),Psychological Drama | Drama | Mystery,Florian Zeller,Christopher Hampton | Florian Zeller,Anthony Hopkins | Olivia Colman | Mark Gatiss
138. Shutter Island,https://www.imdb.com/title/tt1130884/?ref_=chttp_t_138,2010,2h 18m,R,8.2,(1.5M),Psychological Thriller | Suspense Mystery | Drama | Mystery | Thriller,Martin Scorsese,Laeta Kalogridis | Dennis Lehane,Leonardo DiCaprio | Emily Mortimer | Mark Ruffalo
139. All About Eve,https://www.imdb.com/title/tt0042192/?ref_=chttp_t_139,1950,2h 18m,Approved,8.2,(143K),Showbiz Drama | Drama,Joseph L. Mankiewicz,Joseph L. Mankiewicz | Mary Orr,Bette Davis | Anne Baxter | George Sanders
140. There Will Be Blood,https://www.imdb.com/title/tt0469494/?ref_=chttp_t_140,2007,2h 38m,R,8.2,(662K),Epic | Period Drama | Psychological Drama | Tragedy | Drama,Paul Thomas Anderson,Paul Thomas Anderson | Upton Sinclair,Daniel Day-Lewis | Paul Dano | Ciarán Hinds
141. Jurassic Park,https://www.imdb.com/title/tt0107290/?ref_=chttp_t_141,1993,2h 7m,PG-13,8.2,(1.1M),Dinosaur Adventure | Jungle Adventure | Action | Adventure | Sci-Fi | Thriller,Steven Spielberg,Michael Crichton | David Koepp,Sam Neill | Laura Dern | Jeff Goldblum
142. Casino,https://www.imdb.com/title/tt0112641/?ref_=chttp_t_142,1995,2h 58m,R,8.2,(585K),Docudrama | Epic | Gangster | True Crime | Crime | Drama,Martin Scorsese,Nicholas Pileggi | Martin Scorsese,Robert De Niro | Sharon Stone | Joe Pesci
143. The Sixth Sense,https://www.imdb.com/title/tt0167404/?ref_=chttp_t_143,1999,1h 47m,PG-13,8.2,(1.1M),Psychological Drama | Psychological Thriller | Suspense Mystery | Drama | Mystery | Thriller,M. Night Shyamalan,M. Night Shyamalan,Bruce Willis | Haley Joel Osment | Toni Collette
144. Ran,https://www.imdb.com/title/tt0089881/?ref_=chttp_t_144,1985,2h 40m,R,8.2,(142K),Epic | Samurai | Tragedy | War Epic | Action | Drama | War,Akira Kurosawa,Akira Kurosawa | Hideo Oguni | Masato Ide,Tatsuya Nakadai | Akira Terao | Jinpachi Nezu
145. Top Gun: Maverick,https://www.imdb.com/title/tt1745960/?ref_=chttp_t_145,2022,2h 10m,PG-13,8.2,(756K),Action Epic | Epic | Action | Drama,Joseph Kosinski,Jim Cash | Jack Epps Jr. | Peter Craig,Tom Cruise | Jennifer Connelly | Miles Teller
146. No Country for Old Men,https://www.imdb.com/title/tt0477348/?ref_=chttp_t_146,2007,2h 2m,R,8.2,(1.1M),Contemporary Western | Serial Killer | Crime | Drama | Thriller,Ethan Coen | Joel Coen,Joel Coen | Ethan Coen | Cormac McCarthy,Tommy Lee Jones | Javier Bardem | Josh Brolin
147. The Thing,https://www.imdb.com/title/tt0084787/?ref_=chttp_t_147,1982,1h 49m,R,8.2,(491K),Alien Invasion | Body Horror | Monster Horror | Supernatural Horror | Tragedy | Horror | Mystery | Sci-Fi,John Carpenter,Bill Lancaster | John W. Campbell Jr.,Kurt Russell | Wilford Brimley | Keith David
148. Pan's Labyrinth,https://www.imdb.com/title/tt0457430/?ref_=chttp_t_148,2006,1h 58m,R,8.2,(719K),Coming-of-Age | Dark Fantasy | Fairy Tale | Period Drama | Supernatural Fantasy | Teen Fantasy | Tragedy | Drama | Fantasy | War,Guillermo del Toro,Guillermo del Toro,Ivana Baquero | Ariadna Gil | Sergi López
149. Unforgiven,https://www.imdb.com/title/tt0105695/?ref_=chttp_t_149,1992,2h 10m,R,8.2,(449K),Period Drama | Tragedy | Drama | Western,Clint Eastwood,David Webb Peoples,Clint Eastwood | Gene Hackman | Morgan Freeman
150. A Beautiful Mind,https://www.imdb.com/title/tt0268978/?ref_=chttp_t_150,2001,2h 15m,PG-13,8.2,(1M),Docudrama | Period Drama | Psychological Drama | Biography | Drama | Mystery,Ron Howard,Akiva Goldsman | Sylvia Nasar,Russell Crowe | Ed Harris | Jennifer Connelly
151. Kill Bill: Vol. 1,https://www.imdb.com/title/tt0266697/?ref_=chttp_t_151,2003,1h 51m,R,8.2,(1.2M),Martial Arts | One-Person Army Action | Action | Crime | Thriller,Quentin Tarantino,Quentin Tarantino | Uma Thurman,Uma Thurman | David Carradine | Daryl Hannah
152. The Treasure of the Sierra Madre,https://www.imdb.com/title/tt0040897/?ref_=chttp_t_152,1948,2h 6m,Approved,8.2,(136K),Tragedy | Adventure | Drama | Western,John Huston,John Huston | B. Traven | Charles Dorat,Humphrey Bogart | Walter Huston | Tim Holt
153. Yojimbo,https://www.imdb.com/title/tt0055630/?ref_=chttp_t_153,1961,1h 50m,Not Rated,8.2,(136K),One-Person Army Action | Period Drama | Samurai | Action | Drama | Thriller,Akira Kurosawa,Akira Kurosawa | Ryûzô Kikushima,Toshirô Mifune | Eijirô Tôno | Tatsuya Nakadai
154. Prisoners,https://www.imdb.com/title/tt1392214/?ref_=chttp_t_154,2013,2h 33m,R,8.2,(855K),Psychological Thriller | Suspense Mystery | Crime | Drama | Mystery | Thriller,Denis Villeneuve,Aaron Guzikowski,Hugh Jackman | Jake Gyllenhaal | Viola Davis
155. Finding Nemo,https://www.imdb.com/title/tt0266543/?ref_=chttp_t_155,2003,1h 40m,G,8.2,(1.1M),Animal Adventure | Buddy Comedy | Computer Animation | Quest | Sea Adventure | Adventure | Animation | Comedy | Family,Andrew Stanton | Lee Unkrich,Andrew Stanton | Bob Peterson | David Reynolds,Albert Brooks | Ellen DeGeneres | Alexander Gould
156. The Great Escape,https://www.imdb.com/title/tt0057115/?ref_=chttp_t_156,1963,2h 52m,Approved,8.2,(266K),Period Drama | Prison Drama | War Epic | Adventure | Drama | Thriller | War,John Sturges,Paul Brickhill | James Clavell | W.R. Burnett,Steve McQueen | James Garner | Richard Attenborough
157. Monty Python and the Holy Grail,https://www.imdb.com/title/tt0071853/?ref_=chttp_t_157,1975,1h 31m,PG,8.2,(583K),Farce | Parody | Quest | Satire | Sketch Comedy | Slapstick | Sword & Sorcery | Adventure | Comedy | Fantasy,Terry Gilliam | Terry Jones,Graham Chapman | John Cleese | Eric Idle,Graham Chapman | John Cleese | Eric Idle
158. Howl's Moving Castle,https://www.imdb.com/title/tt0347149/?ref_=chttp_t_158,2004,1h 59m,PG,8.2,(474K),Adventure Epic | Anime | Hand-Drawn Animation | Supernatural Fantasy | Adventure | Animation | Family | Fantasy,Hayao Miyazaki,Hayao Miyazaki | Diana Wynne Jones,Chieko Baishô | Takuya Kimura | Tatsuya Gashûin
159. The Elephant Man,https://www.imdb.com/title/tt0080678/?ref_=chttp_t_159,1980,2h 4m,PG,8.2,(269K),Docudrama | Period Drama | Tragedy | Biography | Drama,David Lynch,Christopher De Vore | Eric Bergren | David Lynch,Anthony Hopkins | John Hurt | Anne Bancroft
160. The Wild Robot,https://www.imdb.com/title/tt29623480/?ref_=chttp_t_160,2024,1h 42m,PG,8.2,(129K),Artificial Intelligence | Computer Animation | Survival | Animation | Sci-Fi,Chris Sanders,Chris Sanders | Peter Brown,Lupita Nyong'o | Pedro Pascal | Kit Connor
161. Dial M for Murder,https://www.imdb.com/title/tt0046912/?ref_=chttp_t_161,1954,1h 45m,PG,8.2,(196K),Crime | Drama | Thriller,Alfred Hitchcock,Frederick Knott | Charles Dorat,Ray Milland | Grace Kelly | Robert Cummings
162. Rashomon,https://www.imdb.com/title/tt0042876/?ref_=chttp_t_162,1950,1h 28m,Not Rated,8.2,(187K),Period Drama | Crime | Drama | Mystery,Akira Kurosawa,Ryûnosuke Akutagawa | Akira Kurosawa | Shinobu Hashimoto,Toshirô Mifune | Machiko Kyô | Masayuki Mori
163. Gone with the Wind,https://www.imdb.com/title/tt0031381/?ref_=chttp_t_163,1939,3h 58m,G,8.2,(343K),Costume Drama | Epic | Period Drama | Romantic Epic | Tragic Romance | War Epic | Drama | Romance | War,Victor Fleming,Margaret Mitchell | Sidney Howard | Oliver H.P. Garrett,Clark Gable | Vivien Leigh | Thomas Mitchell
164. Chinatown,https://www.imdb.com/title/tt0071315/?ref_=chttp_t_164,1974,2h 10m,R,8.1,(361K),Conspiracy Thriller | Hard-boiled Detective | Psychological Drama | Psychological Thriller | Tragedy | Drama | Mystery | Thriller,Roman Polanski,Robert Towne | Roman Polanski,Jack Nicholson | Faye Dunaway | John Huston
165. The Secret in Their Eyes,https://www.imdb.com/title/tt1305806/?ref_=chttp_t_165,2009,2h 9m,R,8.2,(230K),Dark Romance | Erotic Thriller | Legal Thriller | Period Drama | Psychological Drama | Psychological Thriller | Suspense Mystery | Tragedy | Whodunnit | Drama,Juan José Campanella,Eduardo Sacheri | Juan José Campanella,Ricardo Darín | Soledad Villamil | Pablo Rago
166. Klaus,https://www.imdb.com/title/tt4729430/?ref_=chttp_t_166,2019,1h 36m,PG,8.2,(210K),Hand-Drawn Animation | Holiday Animation | Holiday Comedy | Holiday Family | Adventure | Animation | Comedy | Family | Fantasy | Holiday,Sergio Pablos | Carlos Martínez López,Sergio Pablos | Jim Mahoney | Zach Lewis,Jason Schwartzman | J.K. Simmons | Rashida Jones
"167. Lock, Stock and Two Smoking Barrels",https://www.imdb.com/title/tt0120735/?ref_=chttp_t_167,1998,1h 47m,R,8.1,(630K),Farce | Comedy | Crime,Guy Ritchie,Guy Ritchie,Jason Flemyng | Dexter Fletcher | Nick Moran
168. V for Vendetta,https://www.imdb.com/title/tt0434409/?ref_=chttp_t_168,2005,2h 12m,R,8.1,(1.2M),Dystopian Sci-Fi | Political Thriller | Superhero | Action | Drama | Sci-Fi | Thriller,James McTeigue,Lilly Wachowski | Lana Wachowski | David Lloyd,Hugo Weaving | Natalie Portman | Rupert Graves
169. Inside Out,https://www.imdb.com/title/tt2096673/?ref_=chttp_t_169,2015,1h 35m,PG,8.1,(854K),Coming-of-Age | Computer Animation | Adventure | Animation | Comedy | Drama | Family | Fantasy,Pete Docter | Ronnie Del Carmen,Pete Docter | Ronnie Del Carmen | Meg LeFauve,Amy Poehler | Bill Hader | Lewis Black
"170. Three Billboards Outside Ebbing, Missouri",https://www.imdb.com/title/tt5027774/?ref_=chttp_t_170,2017,1h 55m,R,8.1,(574K),Dark Comedy | Satire | Comedy | Crime | Drama,Martin McDonagh,Martin McDonagh,Frances McDormand | Woody Harrelson | Sam Rockwell
171. Trainspotting,https://www.imdb.com/title/tt0117951/?ref_=chttp_t_171,1996,1h 33m,R,8.1,(744K),Dark Comedy | Psychological Drama | Drama,Danny Boyle,Irvine Welsh | John Hodge,Ewan McGregor | Ewen Bremner | Jonny Lee Miller
172. The Bridge on the River Kwai,https://www.imdb.com/title/tt0050212/?ref_=chttp_t_172,1957,2h 41m,PG,8.1,(240K),Jungle Adventure | War Epic | Adventure | Drama | War,David Lean,Pierre Boulle | Carl Foreman | Michael Wilson,William Holden | Alec Guinness | Jack Hawkins
173. Raging Bull,https://www.imdb.com/title/tt0081398/?ref_=chttp_t_173,1980,2h 9m,R,8.1,(392K),Boxing | Docudrama | Biography | Drama | Sport,Martin Scorsese,Jake LaMotta | Joseph Carter | Peter Savage,Robert De Niro | Cathy Moriarty | Joe Pesci
174. Catch Me If You Can,https://www.imdb.com/title/tt0264464/?ref_=chttp_t_174,2002,2h 21m,PG-13,8.1,(1.1M),Caper | Coming-of-Age | Docudrama | Globetrotting Adventure | Period Drama | True Crime | Biography | Crime | Drama,Steven Spielberg,Frank Abagnale Jr. | Stan Redding | Jeff Nathanson,Leonardo DiCaprio | Tom Hanks | Christopher Walken
175. Fargo,https://www.imdb.com/title/tt0116282/?ref_=chttp_t_175,1996,1h 38m,R,8.1,(747K),Cop Drama | Dark Comedy | Police Procedural | Tragedy | Crime | Drama | Thriller,Joel Coen | Ethan Coen,Ethan Coen | Joel Coen,William H. Macy | Frances McDormand | Steve Buscemi
176. Warrior,https://www.imdb.com/title/tt1291584/?ref_=chttp_t_176,2011,2h 20m,PG-13,8.1,(510K),Boxing | Action | Drama | Sport,Gavin O'Connor,Gavin O'Connor | Anthony Tambakis | Cliff Dorfman,Tom Hardy | Nick Nolte | Joel Edgerton
177. Harry Potter and the Deathly Hallows: Part 2,https://www.imdb.com/title/tt1201607/?ref_=chttp_t_177,2011,2h 10m,PG-13,8.1,(985K),Dark Fantasy | Fantasy Epic | Teen Adventure | Teen Fantasy | Adventure | Family | Fantasy | Mystery,David Yates,Steve Kloves | J.K. Rowling,Daniel Radcliffe | Emma Watson | Rupert Grint
178. Gran Torino,https://www.imdb.com/title/tt1205489/?ref_=chttp_t_178,2008,1h 56m,R,8.1,(833K),Drama,Clint Eastwood,Nick Schenk | Dave Johannson,Clint Eastwood | Bee Vang | Christopher Carley
179. Spider-Man: No Way Home,https://www.imdb.com/title/tt10872600/?ref_=chttp_t_179,2021,2h 28m,PG-13,8.2,(932K),Superhero | Supernatural Fantasy | Urban Adventure | Action | Adventure | Fantasy | Sci-Fi,Jon Watts,Chris McKenna | Erik Sommers | Stan Lee,Tom Holland | Zendaya | Benedict Cumberbatch
180. Million Dollar Baby,https://www.imdb.com/title/tt0405159/?ref_=chttp_t_180,2004,2h 12m,PG-13,8.1,(740K),Boxing | Tragedy | Drama | Sport,Clint Eastwood,Paul Haggis | F.X. Toole,Hilary Swank | Clint Eastwood | Morgan Freeman
181. My Neighbor Totoro,https://www.imdb.com/title/tt0096283/?ref_=chttp_t_181,1988,1h 26m,G,8.1,(400K),Anime | Hand-Drawn Animation | Iyashikei | Animation | Comedy | Family | Fantasy,Hayao Miyazaki,Hayao Miyazaki,Hitoshi Takagi | Noriko Hidaka | Chika Sakamoto
182. Mad Max: Fury Road,https://www.imdb.com/title/tt1392190/?ref_=chttp_t_182,2015,2h,R,8.1,(1.2M),Action Epic | Adventure Epic | Car Action | Desert Adventure | Dystopian Sci-Fi | Epic | Quest | Road Trip | Action | Adventure,George Miller,George Miller | Brendan McCarthy | Nick Lathouris,Tom Hardy | Charlize Theron | Nicholas Hoult
183. Ben-Hur,https://www.imdb.com/title/tt0052618/?ref_=chttp_t_183,1959,3h 32m,G,8.1,(260K),Adventure Epic | Epic | Period Drama | Sword & Sandal | Adventure | Drama,William Wyler,Lew Wallace | Karl Tunberg | Gore Vidal,Charlton Heston | Jack Hawkins | Stephen Boyd
184. Children of Heaven,https://www.imdb.com/title/tt0118849/?ref_=chttp_t_184,1997,1h 29m,PG,8.2,(84K),Drama | Family | Sport,Majid Majidi,Majid Majidi,Reza Naji | Amir Farrokh Hashemian | Bahare Seddiqi
185. Barry Lyndon,https://www.imdb.com/title/tt0072684/?ref_=chttp_t_185,1975,3h 5m,PG,8.1,(191K),Costume Drama | Dark Comedy | Epic | Period Drama | Adventure | Drama | War,Stanley Kubrick,Stanley Kubrick | William Makepeace Thackeray,Ryan O'Neal | Marisa Berenson | Patrick Magee
186. 12 Years a Slave,https://www.imdb.com/title/tt2024544/?ref_=chttp_t_186,2013,2h 14m,R,8.1,(758K),Costume Drama | Docudrama | Epic | Period Drama | Tragedy | Biography | Drama | History,Steve McQueen,John Ridley | Solomon Northup,Chiwetel Ejiofor | Michael Kenneth Williams | Michael Fassbender
187. Before Sunrise,https://www.imdb.com/title/tt0112471/?ref_=chttp_t_187,1995,1h 41m,R,8.1,(354K),Drama | Romance,Richard Linklater,Richard Linklater | Kim Krizan,Ethan Hawke | Julie Delpy | Andrea Eckert
188. Blade Runner,https://www.imdb.com/title/tt0083658/?ref_=chttp_t_188,1982,1h 57m,R,8.1,(846K),Artificial Intelligence | Cyber Thriller | Cyberpunk | Dystopian Sci-Fi | Action | Drama | Sci-Fi | Thriller,Ridley Scott,Hampton Fancher | David Webb Peoples | Philip K. Dick,Harrison Ford | Rutger Hauer | Sean Young
189. The Grand Budapest Hotel,https://www.imdb.com/title/tt2278388/?ref_=chttp_t_189,2014,1h 39m,R,8.1,(916K),Caper | Quirky Comedy | Adventure | Comedy | Crime,Wes Anderson,Stefan Zweig | Wes Anderson | Hugo Guinness,Ralph Fiennes | F. Murray Abraham | Mathieu Amalric
190. Dead Poets Society,https://www.imdb.com/title/tt0097165/?ref_=chttp_t_190,1989,2h 8m,PG,8.1,(580K),Coming-of-Age | Teen Drama | Comedy | Drama,Peter Weir,Tom Schulman,Robin Williams | Robert Sean Leonard | Ethan Hawke
191. Hacksaw Ridge,https://www.imdb.com/title/tt2119532/?ref_=chttp_t_191,2016,2h 19m,R,8.1,(626K),Docudrama | Epic | Period Drama | War Epic | Biography | Drama | History | War,Mel Gibson,Robert Schenkkan | Andrew Knight,Andrew Garfield | Sam Worthington | Luke Bracey
192. Gone Girl,https://www.imdb.com/title/tt2267998/?ref_=chttp_t_192,2014,2h 29m,R,8.1,(1.1M),Erotic Thriller | Psychological Drama | Psychological Thriller | Suspense Mystery | Tragedy | Drama | Mystery | Thriller,David Fincher,Gillian Flynn,Ben Affleck | Rosamund Pike | Neil Patrick Harris
193. Memories of Murder,https://www.imdb.com/title/tt0353969/?ref_=chttp_t_193,2003,2h 12m,Not Rated,8.1,(234K),Dark Comedy | Korean Drama | Police Procedural | Serial Killer | True Crime | Crime | Drama | Mystery | Thriller,Bong Joon Ho,Bong Joon Ho | Kwang-rim Kim | Sung-bo Shim,Song Kang-ho | Kim Sang-kyung | Kim Roe-ha
194. In the Name of the Father,https://www.imdb.com/title/tt0107207/?ref_=chttp_t_194,1993,2h 13m,R,8.1,(194K),Docudrama | Legal Drama | Period Drama | Prison Drama | Tragedy | True Crime | Biography | Crime | Drama,Jim Sheridan,Gerry Conlon | Terry George | Jim Sheridan,Daniel Day-Lewis | Pete Postlethwaite | Alison Crosbie
"195. Monsters, Inc.",https://www.imdb.com/title/tt0198781/?ref_=chttp_t_195,2001,1h 32m,G,8.1,(1M),Buddy Comedy | Computer Animation | Satire | Slapstick | Supernatural Fantasy | Urban Adventure | Adventure | Animation | Comedy | Family,Pete Docter | David Silverman | Lee Unkrich,Pete Docter | Jill Culton | Jeff Pidgeon,Billy Crystal | John Goodman | Mary Gibbs
196. The Gold Rush,https://www.imdb.com/title/tt0015864/?ref_=chttp_t_196,1925,1h 35m,Approved,8.1,(122K),Farce | Feel-Good Romance | Romantic Comedy | Slapstick | Adventure | Comedy | Drama | Romance | Western,Charles Chaplin,Charles Chaplin,Charles Chaplin | Mack Swain | Tom Murray
197. Ratatouille,https://www.imdb.com/title/tt0382932/?ref_=chttp_t_197,2007,1h 51m,G,8.1,(870K),Animal Adventure | Computer Animation | Satire | Adventure | Animation | Comedy | Family | Fantasy,Brad Bird | Jan Pinkava,Brad Bird | Jan Pinkava | Jim Capobianco,Brad Garrett | Lou Romano | Patton Oswalt
198. Wild Tales,https://www.imdb.com/title/tt3011894/?ref_=chttp_t_198,2014,2h 2m,R,8.1,(225K),Dark Comedy | Comedy | Drama | Thriller,Damián Szifron,Julian Loyola | Damián Szifron | Germán Servidio,Darío Grandinetti | María Marull | Mónica Villa
199. How to Train Your Dragon,https://www.imdb.com/title/tt0892769/?ref_=chttp_t_199,2010,1h 38m,PG,8.1,(831K),Computer Animation | Sword & Sorcery | Teen Fantasy | Action | Adventure | Animation | Family | Fantasy,Dean DeBlois | Chris Sanders,William Davies | Dean DeBlois | Chris Sanders,Jay Baruchel | Gerard Butler | Christopher Mintz-Plasse
200. Jaws,https://www.imdb.com/title/tt0073195/?ref_=chttp_t_200,1975,2h 4m,PG,8.1,(686K),Monster Horror | Sea Adventure | Survival | Adventure | Drama | Horror | Thriller,Steven Spielberg,Peter Benchley | Carl Gottlieb,Roy Scheider | Robert Shaw | Richard Dreyfuss
201. Sherlock Jr.,https://www.imdb.com/title/tt0015324/?ref_=chttp_t_201,1924,45m,Passed,8.2,(60K),Bumbling Detective | Farce | Feel-Good Romance | Slapstick | Action | Comedy | Romance,Buster Keaton,Jean C. Havez | Joseph A. Mitchell | Clyde Bruckman,Buster Keaton | Kathryn McGuire | Joe Keaton
202. The Deer Hunter,https://www.imdb.com/title/tt0077416/?ref_=chttp_t_202,1978,3h 3m,R,8.1,(372K),Epic | War Epic | Drama | War,Michael Cimino,Michael Cimino | Deric Washburn | Louis Garfinkle,Robert De Niro | Christopher Walken | John Cazale
203. The General,https://www.imdb.com/title/tt0017925/?ref_=chttp_t_203,1926,1h 18m,Passed,8.1,(101K),Farce | Slapstick | Action | Adventure | Comedy | Drama | War,Clyde Bruckman | Buster Keaton,Buster Keaton | Clyde Bruckman | Al Boasberg,Buster Keaton | Marion Mack | Glen Cavender
204. Mary and Max,https://www.imdb.com/title/tt0978762/?ref_=chttp_t_204,2009,1h 32m,Not Rated,8.1,(194K),Adult Animation | Coming-of-Age | Dark Comedy | Stop Motion Animation | Animation | Comedy | Drama,Adam Elliot,Adam Elliot,Toni Collette | Philip Seymour Hoffman | Eric Bana
205. Ford v Ferrari,https://www.imdb.com/title/tt1950186/?ref_=chttp_t_205,2019,2h 32m,PG-13,8.1,(511K),Docudrama | Motorsport | Period Drama | Action | Biography | Drama | Sport,James Mangold,Jez Butterworth | John-Henry Butterworth | Jason Keller,Matt Damon | Christian Bale | Jon Bernthal
206. The Wages of Fear,https://www.imdb.com/title/tt0046268/?ref_=chttp_t_206,1953,2h 36m,Not Rated,8.1,(69K),Psychological Drama | Survival | Adventure | Drama | Thriller,Henri-Georges Clouzot,Georges Arnaud | Henri-Georges Clouzot | Jérôme Géronimi,Yves Montand | Charles Vanel | Peter van Eyck
207. On the Waterfront,https://www.imdb.com/title/tt0047296/?ref_=chttp_t_207,1954,1h 48m,Approved,8.1,(170K),Legal Drama | Crime | Drama | Thriller,Elia Kazan,Budd Schulberg | Malcolm Johnson | Robert Siodmak,Marlon Brando | Karl Malden | Lee J. Cobb
208. Maharaja,https://www.imdb.com/title/tt26548265/?ref_=chttp_t_208,2024,2h 21m,,8.4,(63K),One-Person Army Action | Action | Crime | Drama | Thriller,Nithilan Saminathan,Nithilan Saminathan,Vijay Sethupathi | Anurag Kashyap | Mamta Mohandas
209. Mr. Smith Goes to Washington,https://www.imdb.com/title/tt0031679/?ref_=chttp_t_209,1939,2h 9m,Approved,8.1,(125K),Political Drama | Comedy | Drama,Frank Capra,Sidney Buchman | Lewis R. Foster | Myles Connolly,James Stewart | Jean Arthur | Claude Rains
210. Wild Strawberries,https://www.imdb.com/title/tt0050986/?ref_=chttp_t_210,1957,1h 32m,Not Rated,8.1,(119K),Psychological Drama | Drama | Romance,Ingmar Bergman,Ingmar Bergman | Louis Sauvat,Victor Sjöström | Bibi Andersson | Ingrid Thulin
211. The Third Man,https://www.imdb.com/title/tt0041959/?ref_=chttp_t_211,1949,1h 44m,Approved,8.1,(188K),Film Noir | Hard-boiled Detective | Whodunnit | Drama | Mystery | Thriller,Carol Reed,Graham Greene | Orson Welles | Alexander Korda,Orson Welles | Joseph Cotten | Alida Valli
212. Logan,https://www.imdb.com/title/tt3315342/?ref_=chttp_t_212,2017,2h 17m,R,8.1,(878K),Dystopian Sci-Fi | Road Trip | Superhero | Action | Drama | Sci-Fi | Thriller,James Mangold,James Mangold | Scott Frank | Michael Green,Hugh Jackman | Patrick Stewart | Dafne Keen
213. Rocky,https://www.imdb.com/title/tt0075148/?ref_=chttp_t_213,1976,2h,PG,8.1,(652K),Boxing | Drama | Sport,John G. Avildsen,Sylvester Stallone,Sylvester Stallone | Talia Shire | Burt Young
214. Demon Slayer: Kimetsu no Yaiba - Tsuzumi Mansion Arc,https://www.imdb.com/title/tt16492678/?ref_=chttp_t_214,2021,1h 27m,,8.6,(29K),Anime | Action | Animation | Fantasy,Haruo Sotozaki,Koyoharu Gotouge,
215. Tokyo Story,https://www.imdb.com/title/tt0046438/?ref_=chttp_t_215,1953,2h 17m,Not Rated,8.1,(73K),Psychological Drama | Drama,Yasujirô Ozu,Kôgo Noda | Yasujirô Ozu,Chishû Ryû | Chieko Higashiyama | Sô Yamamura
216. The Big Lebowski,https://www.imdb.com/title/tt0118715/?ref_=chttp_t_216,1998,1h 57m,R,8.1,(882K),Buddy Comedy | Drug Crime | Satire | Stoner Comedy | Comedy | Crime,Joel Coen | Ethan Coen,Ethan Coen | Joel Coen,Jeff Bridges | John Goodman | Julianne Moore
217. Spotlight,https://www.imdb.com/title/tt1895587/?ref_=chttp_t_217,2015,2h 9m,R,8.1,(514K),Docudrama | Legal Drama | Period Drama | True Crime | Workplace Drama | Biography | Crime | Drama,Tom McCarthy,Josh Singer | Tom McCarthy,Mark Ruffalo | Michael Keaton | Rachel McAdams
218. The Seventh Seal,https://www.imdb.com/title/tt0050976/?ref_=chttp_t_218,1957,1h 36m,Not Rated,8.1,(206K),Psychological Drama | Drama | Fantasy,Ingmar Bergman,Ingmar Bergman,Max von Sydow | Gunnar Björnstrand | Bengt Ekerot
219. The Terminator,https://www.imdb.com/title/tt0088247/?ref_=chttp_t_219,1984,1h 47m,R,8.1,(954K),Artificial Intelligence | Cyberpunk | Dystopian Sci-Fi | Time Travel | Urban Adventure | Action | Adventure | Sci-Fi,James Cameron,James Cameron | Gale Anne Hurd | William Wisher,Arnold Schwarzenegger | Linda Hamilton | Michael Biehn
220. Room,https://www.imdb.com/title/tt3170832/?ref_=chttp_t_220,2015,1h 58m,R,8.1,(464K),Psychological Drama | Drama | Thriller,Lenny Abrahamson,Emma Donoghue,Brie Larson | Jacob Tremblay | Sean Bridgers
221. Pirates of the Caribbean: The Curse of the Black Pearl,https://www.imdb.com/title/tt0325980/?ref_=chttp_t_221,2003,2h 23m,PG-13,8.1,(1.3M),Sea Adventure | Supernatural Fantasy | Swashbuckler | Sword & Sandal | Action | Adventure | Fantasy,Gore Verbinski,Ted Elliott | Terry Rossio | Stuart Beattie,Johnny Depp | Geoffrey Rush | Orlando Bloom
222. Hotel Rwanda,https://www.imdb.com/title/tt0395169/?ref_=chttp_t_222,2004,2h 1m,PG-13,8.1,(381K),Docudrama | Biography | Drama | History | War,Terry George,Keir Pearson | Terry George,Don Cheadle | Sophie Okonedo | Joaquin Phoenix
223. Jai Bhim,https://www.imdb.com/title/tt15097216/?ref_=chttp_t_223,2021,2h 44m,Approved,8.7,(224K),Legal Drama | Crime | Drama,T.J. Gnanavel,T.J. Gnanavel | Rajendra Sapre,Suriya | Lijo Mol Jose | Manikandan K.
224. Platoon,https://www.imdb.com/title/tt0091763/?ref_=chttp_t_224,1986,2h,R,8.1,(451K),Drama | War,Oliver Stone,Oliver Stone,Charlie Sheen | Tom Berenger | Willem Dafoe
225. La haine,https://www.imdb.com/title/tt0113247/?ref_=chttp_t_225,1995,1h 38m,Not Rated,8.1,(208K),Gangster | Psychological Drama | Crime | Drama,Mathieu Kassovitz,Mathieu Kassovitz,Vincent Cassel | Hubert Koundé | Saïd Taghmaoui
226. Before Sunset,https://www.imdb.com/title/tt0381681/?ref_=chttp_t_226,2004,1h 20m,R,8.1,(299K),Drama | Romance,Richard Linklater,Richard Linklater | Julie Delpy | Ethan Hawke,Ethan Hawke | Julie Delpy | Vernon Dobtcheff
227. The Best Years of Our Lives,https://www.imdb.com/title/tt0036868/?ref_=chttp_t_227,1946,2h 50m,Approved,8.1,(73K),Epic | Feel-Good Romance | Drama | Romance | War,William Wyler,Robert E. Sherwood | MacKinlay Kantor,Myrna Loy | Dana Andrews | Fredric March
228. The Passion of Joan of Arc,https://www.imdb.com/title/tt0019254/?ref_=chttp_t_228,1928,1h 54m,Passed,8.1,(64K),Legal Drama | Period Drama | Psychological Drama | Tragedy | Biography | Drama | History,Carl Theodor Dreyer,Joseph Delteil | Carl Theodor Dreyer,Maria Falconetti | Eugene Silvain | André Berley
229. The Exorcist,https://www.imdb.com/title/tt0070047/?ref_=chttp_t_229,1973,2h 2m,R,8.1,(472K),Body Horror | Supernatural Horror | Horror,William Friedkin,William Peter Blatty,Ellen Burstyn | Max von Sydow | Linda Blair
230. The Wizard of Oz,https://www.imdb.com/title/tt0032138/?ref_=chttp_t_230,1939,1h 42m,G,8.1,(446K),Adventure Epic | Classic Musical | Fairy Tale | Fantasy Epic | Quest | Adventure | Family | Fantasy | Musical,Victor Fleming | King Vidor,Noel Langley | Florence Ryerson | Edgar Allan Woolf,Judy Garland | Frank Morgan | Ray Bolger
231. The Incredibles,https://www.imdb.com/title/tt0317705/?ref_=chttp_t_231,2004,1h 55m,PG,8.0,(843K),Computer Animation | Superhero | Urban Adventure | Action | Adventure | Animation | Family,Brad Bird,Brad Bird,Craig T. Nelson | Samuel L. Jackson | Holly Hunter
232. Rush,https://www.imdb.com/title/tt1979320/?ref_=chttp_t_232,2013,2h 3m,R,8.1,(529K),Docudrama | Motorsport | Period Drama | Biography | Drama | Sport,Ron Howard,Peter Morgan,Daniel Brühl | Chris Hemsworth | Olivia Wilde
233. The Sound of Music,https://www.imdb.com/title/tt0059742/?ref_=chttp_t_233,1965,2h 52m,G,8.1,(272K),Classic Musical | Epic | Period Drama | Biography | Drama | Family | Musical | Romance,Robert Wise,Georg Hurdalek | Howard Lindsay | Russel Crouse,Julie Andrews | Christopher Plummer | Eleanor Parker
234. Stand by Me,https://www.imdb.com/title/tt0092005/?ref_=chttp_t_234,1986,1h 29m,R,8.1,(458K),Coming-of-Age | Dark Comedy | Adventure | Comedy | Drama,Rob Reiner,Stephen King | Raynold Gideon | Bruce A. Evans,Wil Wheaton | River Phoenix | Corey Feldman
235. Hachi: A Dog's Tale,https://www.imdb.com/title/tt1028532/?ref_=chttp_t_235,2009,1h 33m,G,8.1,(324K),Animal Adventure | Biography | Drama | Family,Lasse Hallström,Stephen P. Lindsey | Kaneto Shindô,Richard Gere | Joan Allen | Cary-Hiroyuki Tagawa
236. Network,https://www.imdb.com/title/tt0074958/?ref_=chttp_t_236,1976,2h 1m,R,8.1,(176K),Dark Comedy | Workplace Drama | Drama,Sidney Lumet,Paddy Chayefsky,Faye Dunaway | William Holden | Peter Finch
237. My Father and My Son,https://www.imdb.com/title/tt0476735/?ref_=chttp_t_237,2005,1h 52m,Not Rated,8.2,(96K),Drama | Family,Çagan Irmak,Çagan Irmak,Çetin Tekindor | Fikret Kuskan | Hümeyra
238. The Handmaiden,https://www.imdb.com/title/tt4016934/?ref_=chttp_t_238,2016,2h 25m,Not Rated,8.1,(184K),Dark Romance | Erotic Thriller | Psychological Thriller | Steamy Romance | Drama | Romance | Thriller,Park Chan-wook,Sarah Waters | Chung Seo-kyung | Park Chan-wook,Kim Min-hee | Ha Jung-woo | Cho Jin-woong
239. To Be or Not to Be,https://www.imdb.com/title/tt0035446/?ref_=chttp_t_239,1942,1h 39m,Approved,8.1,(46K),Screwball Comedy | Comedy | Romance | War,Ernst Lubitsch,Melchior Lengyel | Edwin Justus Mayer | Ernst Lubitsch,Carole Lombard | Jack Benny | Robert Stack
240. The Iron Giant,https://www.imdb.com/title/tt0129167/?ref_=chttp_t_240,1999,1h 26m,PG,8.1,(240K),Alien Invasion | Artificial Intelligence | Hand-Drawn Animation | High-Concept Comedy | Kaiju | Space Sci-Fi | Action | Adventure | Animation | Comedy,Brad Bird,Tim McCanlies | Brad Bird | Ted Hughes,Eli Marienthal | Harry Connick Jr. | Jennifer Aniston
241. The Battle of Algiers,https://www.imdb.com/title/tt0058946/?ref_=chttp_t_241,1966,2h 1m,Not Rated,8.1,(70K),Docudrama | Political Drama | Drama | War,Gillo Pontecorvo,Franco Solinas | Gillo Pontecorvo,Brahim Hadjadj | Jean Martin | Yacef Saadi
242. Into the Wild,https://www.imdb.com/title/tt0758758/?ref_=chttp_t_242,2007,2h 28m,R,8.1,(674K),Coming-of-Age | Docudrama | Road Trip | Survival | Tragedy | Adventure | Biography | Drama,Sean Penn,Sean Penn | Jon Krakauer,Emile Hirsch | Vince Vaughn | Catherine Keener
243. The Grapes of Wrath,https://www.imdb.com/title/tt0032551/?ref_=chttp_t_243,1940,2h 9m,Approved,8.1,(103K),Drama,John Ford,Nunnally Johnson | John Steinbeck,Henry Fonda | Jane Darwell | John Carradine
244. Groundhog Day,https://www.imdb.com/title/tt0107048/?ref_=chttp_t_244,1993,1h 41m,PG,8.0,(708K),Feel-Good Romance | High-Concept Comedy | Holiday Comedy | Holiday Romance | Romantic Comedy | Comedy | Drama | Fantasy | Romance,Harold Ramis,Danny Rubin | Harold Ramis,Bill Murray | Andie MacDowell | Chris Elliott
245. A Man Escaped,https://www.imdb.com/title/tt0049902/?ref_=chttp_t_245,1956,1h 41m,Not Rated,8.2,(28K),Prison Drama | Drama | Thriller | War,Robert Bresson,André Devigny | Robert Bresson,François Leterrier | Charles Le Clainche | Maurice Beerblock
246. Amores Perros,https://www.imdb.com/title/tt0245712/?ref_=chttp_t_246,2000,2h 34m,R,8.0,(259K),Tragedy | Drama | Thriller,Alejandro G. Iñárritu,Guillermo Arriaga,Emilio Echevarría | Gael García Bernal | Goya Toledo
247. The Help,https://www.imdb.com/title/tt1454029/?ref_=chttp_t_247,2011,2h 26m,PG-13,8.1,(508K),Period Drama | Drama,Tate Taylor,Tate Taylor | Kathryn Stockett,Viola Davis | Emma Stone | Octavia Spencer
248. Rebecca,https://www.imdb.com/title/tt0032976/?ref_=chttp_t_248,1940,2h 10m,Approved,8.1,(151K),Dark Romance | Psychological Drama | Psychological Thriller | Suspense Mystery | Drama | Mystery | Romance | Thriller,Alfred Hitchcock,Daphne Du Maurier | Robert E. Sherwood | Joan Harrison,Laurence Olivier | Joan Fontaine | George Sanders
249. A Silent Voice: The Movie,https://www.imdb.com/title/tt5323662/?ref_=chttp_t_249,2016,2h 10m,Not Rated,8.1,(115K),Anime | Coming-of-Age | Psychological Drama | Shōnen | Slice of Life | Animation | Drama,Taichi Ishidate | Naoko Yamada,Yoshitoki Ôima | Reiko Yoshida,Miyu Irino | Saori Hayami | Aoi Yûki
250. Gangs of Wasseypur,https://www.imdb.com/title/tt1954470/?ref_=chttp_t_250,2012,5h 21m,Not Rated,8.2,(107K),Satire | True Crime | Action | Comedy | Crime | Drama | Thriller,Anurag Kashyap,Akhilesh Jaiswal | Anurag Kashyap | Sachin K. Ladia,Manoj Bajpayee | Nawazuddin Siddiqui | Tigmanshu Dhulia
